{
  "type": "FeatureCollection",
  "features": [    
    
    {% for article in articles %}
    {
      "type": "Feature",
      "properties": {
        "letter": "{{article['story']}}",
        "location": "{{article['location'][0]}}",
        "color": "{{article['color']}}",
        "rank": "7",
        "ascii": "71",
        "url": "{{article['url']}}",
        "image": "{{article['image']}}",
        "thumbImage": "{{article['thumbImage']}}",
        "abstract": "{{article['abstract']}}",
        "authorTime": "{{article['authorTime']}}"
      },
      "geometry": {
        "type": "Point",
        "coordinates": {{article['coordinates']}}
      }
    }
    {% if not loop.last %},{% endif %}
    {% endfor %}

  ]
}